﻿<?xml version="1.0" encoding="UTF-8" standalone="yes"?>
<addon id="resource.images.skinbackgrounds.fondos-jagger-edition" name="Fondos de pantalla - Jagger Edition" version="1.0.0" provider-name="Andres">
	<extension point="kodi.resource.images" compile="false" type="skinbackgrounds" />
	<requires>
		<import addon="kodi.resource" version="1.0.0"/>
	</requires>
	<extension point="xbmc.addon.metadata">
		<summary lang="en">Fondos de pantalla - Jagger Edition</summary>
		<description lang="en">Fondos de pantalla</description>
		<summary lang="en"> </summary>
		<description lang="en"> </description>
		<platform>all</platform>
	</extension>
</addon>
